"GroupID","GroupLevel","Numerator","Denominator","Metric"
"0X004","Site",12,1094,0.0109689213893967
"0X101","Site",135,9801,0.0137741046831956
"0X1257","Site",93,6450,0.0144186046511628
"0X1268","Site",14,1067,0.0131208997188379
"0X1321","Site",43,2174,0.0197792088316467
"0X1750","Site",176,13008,0.013530135301353
"0X1759","Site",33,2194,0.0150410209662716
"0X180","Site",155,12019,0.0128962476079541
"0X1856","Site",25,2202,0.0113533151680291
"0X187","Site",53,4325,0.0122543352601156
"0X1881","Site",45,3212,0.0140099626400996
"0X1910","Site",106,7457,0.0142148317017567
"0X1982","Site",257,17312,0.0148451940850277
"0X2005","Site",39,2221,0.0175596578117965
"0X2070","Site",87,6365,0.013668499607227
"0X2106","Site",18,1082,0.0166358595194085
"0X213","Site",414,29363,0.0140993767666792
"0X2161","Site",19,1081,0.0175763182238668
"0X2170","Site",179,13063,0.0137028247722575
"0X2192","Site",435,28171,0.0154414113804977
"0X2323","Site",125,8686,0.014390973981119
"0X2370","Site",16,1137,0.0140721196130167
"0X240","Site",44,3250,0.0135384615384615
"0X2410","Site",85,5399,0.0157436562326357
"0X2532","Site",159,9760,0.0162909836065574
"0X2558","Site",32,2143,0.0149323378441437
"0X2674","Site",49,3221,0.0152126668736417
"0X2855","Site",52,3208,0.0162094763092269
"0X2901","Site",122,7579,0.0160971104367331
"0X2970","Site",71,5284,0.0134367903103709
"0X3090","Site",158,10811,0.0146147442419758
"0X3289","Site",218,14167,0.0153878732265123
"0X3292","Site",19,1069,0.0177736202057998
"0X3301","Site",22,2136,0.0102996254681648
"0X3338","Site",12,1105,0.0108597285067873
"0X3848","Site",110,7461,0.0147433319930304
"0X3909","Site",167,11720,0.0142491467576792
"0X3973","Site",135,8693,0.0155297365696537
"0X3989","Site",183,13003,0.0140736753056987
"0X4028","Site",76,6624,0.0114734299516908
"0X4056","Site",68,5314,0.0127963869025216
"0X4254","Site",11,1095,0.0100456621004566
"0X4264","Site",189,12956,0.0145878357517752
"0X4272","Site",51,3202,0.0159275452841974
"0X4323","Site",427,29052,0.0146977832851439
"0X4338","Site",23,2183,0.0105359596885021
"0X4353","Site",61,4341,0.014052061736927
"0X4440","Site",84,6494,0.0129350169387127
"0X4485","Site",410,26874,0.0152563816328049
"0X4486","Site",119,8743,0.0136108887109688
"0X4535","Site",91,6501,0.0139978464851561
"0X4541","Site",125,9752,0.0128178835110747
"0X4587","Site",19,1095,0.017351598173516
"0X4590","Site",331,24964,0.0132590930940554
"0X4629","Site",242,16199,0.0149391937773937
"0X4840","Site",33,2128,0.0155075187969925
"0X4869","Site",64,4276,0.0149672591206735
"0X4874","Site",107,7572,0.0141310089804543
"0X4937","Site",51,3229,0.0157943635800557
"0X4959","Site",256,17074,0.0149935574557807
"0X503","Site",22,2134,0.0103092783505155
"0X5033","Site",173,11851,0.0145979242258037
"0X5115","Site",30,2115,0.0141843971631206
"0X5384","Site",405,28092,0.0144169158479282
"0X554","Site",61,4368,0.0139652014652015
"0X5606","Site",23,2167,0.010613751730503
"0X5895","Site",193,12013,0.0160659285773745
"0X6227","Site",42,3228,0.0130111524163569
"0X6248","Site",16,1065,0.0150234741784038
"0X6253","Site",9,1097,0.00820419325432999
"0X6304","Site",152,8676,0.0175195942830798
"0X6369","Site",37,2194,0.0168641750227894
"0X6405","Site",330,23738,0.0139017608897127
"0X6502","Site",98,6398,0.0153172866520788
"0X6603","Site",153,8594,0.0178031184547359
"0X6605","Site",80,6463,0.0123781525607303
"0X6665","Site",63,4349,0.0144860887560359
"0X6783","Site",18,1087,0.0165593376264949
"0X6829","Site",28,2180,0.0128440366972477
"0X6865","Site",15,1098,0.0136612021857923
"0X6894","Site",11,1108,0.00992779783393502
"0X6900","Site",262,17172,0.0152573957605404
"0X6905","Site",21,1068,0.0196629213483146
"0X7011","Site",267,18404,0.0145077157139752
"0X7155","Site",66,3325,0.0198496240601504
"0X724","Site",105,6492,0.016173752310536
"0X7269","Site",12,1074,0.0111731843575419
"0X7324","Site",20,1070,0.0186915887850467
"0X7514","Site",28,2176,0.0128676470588235
"0X759","Site",241,15102,0.0159581512382466
"0X7619","Site",84,5376,0.015625
"0X7680","Site",36,3234,0.0111317254174397
"0X7809","Site",32,3242,0.00987045033929673
"0X7815","Site",24,2129,0.0112728980742132
"0X785","Site",8,1065,0.00751173708920188
"0X787","Site",29,2133,0.013595874355368
"0X7883","Site",34,2138,0.0159027128157156
"0X7908","Site",20,1127,0.0177462289263531
"0X7983","Site",198,13973,0.0141701853574751
"0X8091","Site",147,9778,0.015033749232972
"0X8098","Site",29,2153,0.0134695773339526
"0X8244","Site",32,2180,0.0146788990825688
"0X8303","Site",91,5441,0.0167248667524352
"0X8351","Site",328,22685,0.0144588935419881
"0X8354","Site",119,7666,0.0155230889642578
"0X8513","Site",60,4285,0.014002333722287
"0X8517","Site",294,19415,0.0151429307236673
"0X8625","Site",387,26987,0.0143402378923185
"0X8631","Site",39,2178,0.0179063360881543
"0X8633","Site",249,17264,0.0144230769230769
"0X8753","Site",40,3307,0.0120955548835803
"0X8764","Site",135,8622,0.0156576200417537
"0X8786","Site",191,12909,0.0147958788442172
"0X8788","Site",258,18418,0.0140080356173309
"0X8799","Site",348,26974,0.0129013123748795
"0X8953","Site",91,5344,0.0170284431137725
"0X9142","Site",505,36890,0.0136893467064245
"0X9346","Site",293,20312,0.0144249704608113
"0X9360","Site",253,17069,0.0148221922783994
"0X9404","Site",30,2166,0.0138504155124654
"0X9432","Site",42,2136,0.0196629213483146
"0X9568","Site",71,4342,0.0163519115614924
"0X9569","Site",12,1082,0.011090573012939
"0X958","Site",294,20477,0.0143575719099477
"0X9580","Site",210,14048,0.0149487471526196
"0X9737","Site",325,20556,0.0158104689628332
"0X9858","Site",106,6502,0.0163026760996616
"0X9871","Site",78,5392,0.0144658753709199
