"GroupID","GroupLevel","Numerator","Denominator","Metric","Score","Flag"
"0X7155","Site",66,3325,0.0198496240601504,2.50825312504068,1
"0X1321","Site",43,2174,0.0197792088316467,2.0013405672287,1
"0X6603","Site",153,8594,0.0178031184547359,2.48189645459266,1
"0X6304","Site",152,8676,0.0175195942830798,2.27786638665589,1
"0X6905","Site",21,1068,0.0196629213483146,1.37167864024893,0
"0X9432","Site",42,2136,0.0196629213483146,1.93984653625752,0
"0X7324","Site",20,1070,0.0186915887850467,1.11327732030349,0
"0X8631","Site",39,2178,0.0179063360881543,1.28880902081066,0
"0X3292","Site",19,1069,0.0177736202057998,0.867453444126255,0
"0X7908","Site",20,1127,0.0177462289263531,0.883159477172704,0
"0X2161","Site",19,1081,0.0175763182238668,0.819289644803306,0
"0X2005","Site",39,2221,0.0175596578117965,1.1679364161545,0
"0X4587","Site",19,1095,0.017351598173516,0.763801330310351,0
"0X8953","Site",91,5344,0.0170284431137725,1.49427809410136,0
"0X6369","Site",37,2194,0.0168641750227894,0.89456423297596,0
"0X8303","Site",91,5441,0.0167248667524352,1.3247603055386,0
"0X2106","Site",18,1082,0.0166358595194085,0.566831586259708,0
"0X6783","Site",18,1087,0.0165593376264949,0.547519811491911,0
"0X9568","Site",71,4342,0.0163519115614924,0.98257296152591,0
"0X9858","Site",106,6502,0.0163026760996616,1.16993648377911,0
"0X2532","Site",159,9760,0.0162909836065574,1.42394679749803,0
"0X2855","Site",52,3208,0.0162094763092269,0.778636898936742,0
"0X724","Site",105,6492,0.016173752310536,1.08413611954654,0
"0X2901","Site",122,7579,0.0160971104367331,1.11685432552424,0
"0X5895","Site",193,12013,0.0160659285773745,1.37816752127184,0
"0X759","Site",241,15102,0.0159581512382466,1.43698035464542,0
"0X4272","Site",51,3202,0.0159275452841974,0.6475194930942,0
"0X7883","Site",34,2138,0.0159027128157156,0.519725583763027,0
"0X9737","Site",325,20556,0.0158104689628332,1.50344220704017,0
"0X4937","Site",51,3229,0.0157943635800557,0.588390073336378,0
"0X2410","Site",85,5399,0.0157436562326357,0.730378691976509,0
"0X8764","Site",135,8622,0.0156576200417537,0.857692838190551,0
"0X7619","Site",84,5376,0.015625,0.657715132413563,0
"0X3973","Site",135,8693,0.0155297365696537,0.763766019817128,0
"0X8354","Site",119,7666,0.0155230889642578,0.712475360721851,0
"0X4840","Site",33,2128,0.0155075187969925,0.369509727315761,0
"0X2192","Site",435,28171,0.0154414113804977,1.25375366479132,0
"0X3289","Site",218,14167,0.0153878732265123,0.837016595382504,0
"0X6502","Site",98,6398,0.0153172866520788,0.516347439686273,0
"0X6900","Site",262,17172,0.0152573957605404,0.781777717281757,0
"0X4485","Site",410,26874,0.0152563816328049,0.976641566580938,0
"0X2674","Site",49,3221,0.0152126668736417,0.317837656957702,0
"0X8517","Site",294,19415,0.0151429307236673,0.700913627611087,0
"0X1759","Site",33,2194,0.0150410209662716,0.196607001140184,0
"0X8091","Site",147,9778,0.015033749232972,0.409178108054343,0
"0X6248","Site",16,1065,0.0150234741784038,0.132299319020437,0
"0X4959","Site",256,17074,0.0149935574557807,0.497775120836703,0
"0X4869","Site",64,4276,0.0149672591206735,0.235051009778665,0
"0X9580","Site",210,14048,0.0149487471526196,0.408107390205823,0
"0X4629","Site",242,16199,0.0149391937773937,0.428301541324299,0
"0X2558","Site",32,2143,0.0149323378441437,0.153187795915834,0
"0X1982","Site",257,17312,0.0148451940850277,0.341685878255883,0
"0X9360","Site",253,17069,0.0148221922783994,0.314717965569471,0
"0X8786","Site",191,12909,0.0147958788442172,0.249258144650633,0
"0X3848","Site",110,7461,0.0147433319930304,0.152400218083208,0
"0X4323","Site",427,29052,0.0146977832851439,0.237275983576343,0
"0X8244","Site",32,2180,0.0146788990825688,0.0577907766378805,0
"0X3090","Site",158,10811,0.0146147442419758,0.0741762547394554,0
"0X5033","Site",173,11851,0.0145979242258037,0.0626966668627053,0
"0X4264","Site",189,12956,0.0145878357517752,0.0561691887590103,0
"0X7011","Site",267,18404,0.0145077157139752,-0.0218899579566624,0
"0X6665","Site",63,4349,0.0144860887560359,-0.0222977706930893,0
"0X9871","Site",78,5392,0.0144658753709199,-0.0369591232147148,0
"0X8351","Site",328,22685,0.0144588935419881,-0.0844027880719143,0
"0X9346","Site",293,20312,0.0144249704608113,-0.119381040199969,0
"0X8633","Site",249,17264,0.0144230769230769,-0.112093497837475,0
"0X1257","Site",93,6450,0.0144186046511628,-0.0714512043234331,0
"0X5384","Site",405,28092,0.0144169158479282,-0.151428330722806,0
"0X2323","Site",125,8686,0.014390973981119,-0.103963157309045,0
"0X958","Site",294,20477,0.0143575719099477,-0.198691190179153,0
"0X8625","Site",387,26987,0.0143402378923185,-0.251372274346391,0
"0X3909","Site",167,11720,0.0142491467576792,-0.246253260018221,0
"0X1910","Site",106,7457,0.0142148317017567,-0.220645451745685,0
"0X5115","Site",30,2115,0.0141843971631206,-0.128947731008945,0
"0X7983","Site",198,13973,0.0141701853574751,-0.345169138055733,0
"0X4874","Site",107,7572,0.0141310089804543,-0.281955125592278,0
"0X213","Site",414,29363,0.0140993767666792,-0.599533878507177,0
"0X3989","Site",183,13003,0.0140736753056987,-0.422918834897743,0
"0X2370","Site",16,1137,0.0140721196130167,-0.125487888822775,0
"0X4353","Site",61,4341,0.014052061736927,-0.255998820620327,0
"0X1881","Site",45,3212,0.0140099626400996,-0.239707444567639,0
"0X8788","Site",258,18418,0.0140080356173309,-0.5761415378423,0
"0X8513","Site",60,4285,0.014002333722287,-0.280947260506133,0
"0X4535","Site",91,6501,0.0139978464851561,-0.349007525862568,0
"0X554","Site",61,4368,0.0139652014652015,-0.303712808178757,0
"0X6405","Site",330,23738,0.0139017608897127,-0.787904312797991,0
"0X9404","Site",30,2166,0.0138504155124654,-0.257532714330346,0
"0X101","Site",135,9801,0.0137741046831956,-0.609566571420098,0
"0X2170","Site",179,13063,0.0137028247722575,-0.77031707939406,0
"0X9142","Site",505,36890,0.0136893467064245,-1.31565873121793,0
"0X2070","Site",87,6365,0.013668499607227,-0.560090957055236,0
"0X6865","Site",15,1098,0.0136612021857923,-0.234603540069724,0
"0X4486","Site",119,8743,0.0136108887109688,-0.700459071165171,0
"0X787","Site",29,2133,0.013595874355368,-0.351645047037784,0
"0X240","Site",44,3250,0.0135384615384615,-0.460811845898018,0
"0X1750","Site",176,13008,0.013530135301353,-0.929668644431019,0
"0X8098","Site",29,2153,0.0134695773339526,-0.401186126249911,0
"0X2970","Site",71,5284,0.0134367903103709,-0.647979193117762,0
"0X4590","Site",331,24964,0.0132590930940554,-1.63790422041459,0
"0X1268","Site",14,1067,0.0131208997188379,-0.375514864635093,0
"0X6227","Site",42,3228,0.0130111524163569,-0.70411027879765,0
"0X4440","Site",84,6494,0.0129350169387127,-1.04883384677108,0
"0X8799","Site",348,26974,0.0129013123748795,-2.18282688915431,0
"0X180","Site",155,12019,0.0128962476079541,-1.46160940979693,0
"0X7514","Site",28,2176,0.0128676470588235,-0.632812793790712,0
"0X6829","Site",28,2180,0.0128440366972477,-0.642404015608285,0
"0X4541","Site",125,9752,0.0128178835110747,-1.37981879263572,0
"0X4056","Site",68,5314,0.0127963869025216,-1.03136611923129,0
"0X6605","Site",80,6463,0.0123781525607303,-1.41222009364224,0
"0X187","Site",53,4325,0.0122543352601156,-1.22180841282374,0
"0X8753","Site",40,3307,0.0120955548835803,-1.14301132386266,0
"0X4028","Site",76,6624,0.0114734299516908,-2.0315164458849,0
"0X1856","Site",25,2202,0.0113533151680291,-1.21736911961527,0
"0X7815","Site",24,2129,0.0112728980742132,-1.22734670449623,0
"0X7269","Site",12,1074,0.0111731843575419,-0.898437326917362,0
"0X7680","Site",36,3234,0.0111317254174397,-1.57830395956844,0
"0X9569","Site",12,1082,0.011090573012939,-0.92398683963677,0
"0X004","Site",12,1094,0.0109689213893967,-0.961982683878532,0
"0X3338","Site",12,1105,0.0108597285067873,-0.996473127341104,0
"0X5606","Site",23,2167,0.010613751730503,-1.48903476286036,0
"0X4338","Site",23,2183,0.0105359596885021,-1.52422812359647,0
"0X503","Site",22,2134,0.0103092783505155,-1.59260997433024,0
"0X3301","Site",22,2136,0.0102996254681648,-1.59700233821101,0
"0X4254","Site",11,1095,0.0100456621004566,-1.21212186403862,0
"0X6894","Site",11,1108,0.00992779783393502,-1.25136146324536,0
"0X7809","Site",32,3242,0.00987045033929673,-2.16720806101409,0
"0X6253","Site",9,1097,0.00820419325432999,NA,NA
"0X785","Site",8,1065,0.00751173708920188,NA,NA
